INSERT INTO `building_category` (id, name) VALUES
(1, "Defense"),
(2, "Barracks"),
(3, "Spell Factory"),
(4, "Trap"),
(5, "Other"),
(6, "Army");

INSERT INTO `building_enum` (id, name, category_id) VALUES
(1, "Capital Hall", 5),
(2, "District Hall", 5),
(3, "Cannon", 1),
(4, "Spear Thrower", 1),
(5, "Air Defense", 1),
(6, "Multi Cannon", 1),
(7, "Bomb Tower", 1),
(8, "Multi Mortar", 1),
(9, "Super Wizard Tower", 1),
(10, "Air Bombs", 1),
(11, "Rapid Rockets", 1),
(12, "Crusher", 1),
(13, "Hidden Mega Tesla", 1),
(14, "Giant Cannon", 1),
(15, "Rocket Artillery", 1),
(16, "Inferno Tower", 1),
(17, "Blast Bow", 1),
(18, "Super Giant Post", 1),
(19, "Raid Cart Post", 1),
(20, "Super Dragon Post", 1),
(21, "Walls", 1),
(22, "Mine", 4),
(23, "Mega Mine", 4),
(24, "Log Trap", 4),
(25, "Zap Trap", 4),
(26, "Army Camp", 6),
(27, "Spell Storage", 6),
(28, "Super Barbarian Barracks", 2),
(29, "Sneaky Archer Barracks", 2),
(30, "Super Giant Barracks", 2),
(31, "Battle Ram Barracks", 2),
(32, "Minion Barracks", 2),
(33, "Super Wizard Barracks", 2),
(34, "Rocket Balloon Barracks", 2),
(35, "Skeleton Barrel Barracks", 2),
(36, "Flying Fortress Barracks", 2),
(37, "Raid Cart Barracks", 2),
(38, "Super P.E.K.K.A Barracks", 2),
(39, "Hog Raider Barracks", 2),
(40, "Super Dragon Barracks", 2),
(41, "Mountain Golem Quarry", 2),
(42, "Heal Spell Factory", 3),
(43, "Jump Spell Factory", 3),
(44, "Lightning Spell Factory", 3),
(45, "Frost Spell Factory", 3),
(46, "Rage Spell Factory", 3),
(47, "Mini-Minion Hive", 1),
(48, "Reflector", 1);



INSERT INTO `district_enum` (id, name) VALUES
(1, "Clan Capital"),
(2, "Barbarian Camp"),
(3, "Wizard Valley"),
(4, "Balloon Lagoon"),
(5, "Builder's Workshop"),
(6, "Dragon Cliffs"),
(7, "Golem Quarry"),
(8, "Skeleton Park");


